argument,current_default,component,applies_to,current_behavior,proposal,proposed_name_or_location,rationale,implemented_location,implemented_decision
X,(required),data,All fits,Sample-by-feature observation matrix.,keep,X,Required data input.,X,ordinary_argument
method,"c(""PCA"", ""fiedler"", ""pcurve"", ""tSNE"", ""random"", ""isomap"")",initialization,All fits,Single-ordering initialization method; vector means candidate starts for M=1 but per-ordering methods for M>=2.,rename_and_separate_semantics,initial_method,Use a scalar common method in the ordinary interface; expose per-ordering overrides and multi-start fitting separately.,initial_method (one method only),ordinary_argument
K,NULL,grid,All fits,"Number of discrete latent-position states; automatic request is max(2,min(50,floor(N/5))); realized single-ordering grids can shrink when initialization cuts collapse.",rename,num_bins,Document requested versus realized count and retain internal K notation.,num_bins,ordinary_argument
rw_q,2,model,All fits,Random-walk order of the trajectory smoothness prior.,move_to_control,rw_order,Keep default 2; changing it changes the trajectory prior.,control$rw_order,advanced_model_or_optimizer_option
lambda,1,model_initialization,All fits,"Initial smoothness precision, or fixed smoothness when fix_lambda is true; supports feature/order-specific values.",move_to_control,lambda_init,Do not imply that this is a final smoothing value when precision is estimated.,control$lambda_init,advanced_model_or_optimizer_option
S,NULL,data,All fits,Known measurement standard deviations by feature or observation; supplied values replace estimated noise variances.,keep,S,Preserve measurement-error support.,S,ordinary_argument
sigma2_init,NULL,model_initialization,Estimated-noise fits only,"Initial noise variance, scalar or feature vector; incompatible with supplied S.",move_to_control,sigma2_init,Automatic initialization is sufficient for ordinary calls.,control$sigma2_init,advanced_model_or_optimizer_option
fix_lambda,FALSE,model,All fits,Disable smoothness-precision updates and retain supplied values.,move_to_control,estimate_lambda,Preserve fixed-versus-estimated smoothness as an advanced scientific choice.,control$fix_lambda,advanced_model_or_optimizer_option
iter,100,optimization,M=1; fallback final budget for M>=2,Single-ordering sweep cap; used as the final T=1 partition cap when max_converge_iter is NULL.,merge,max_iter,One stopping-phase sweep cap for both inference paths; annealing budget remains separate.,max_iter,ordinary_argument
tol,1e-6,optimization,M=1 only,ELBO-change tolerance; default scale is absolute ELBO change divided by N times D.,keep_and_unify,tol,Use the same named tolerance for single and partition stopping; zero disables early stopping.,tol,ordinary_argument
num_cores,1L,multi_start,M=1 and multiple methods only,Enables multiple-method fitting only when greater than one; otherwise the wrapper fits only the first method.,move_to_multi_start_api,num_cores,Worker count should control execution speed rather than which fits exist.,removed,removed
intrinsic_dim,1L,dimension,All fits,"Requested model ordering slots, or auto similarity-cut initialization.",retain_name,intrinsic_dim,Retain intrinsic-dimension terminology; model_intrinsic_dim records retained dimensions and intrinsic_dim reports effective dimension.,intrinsic_dim,ordinary_argument
greedy,"c(""none"", ""forward"", ""backward"")",retired,All fits,Only none is accepted; forward and backward immediately error.,remove,(removed),Keep the active search in select_mpcurve_dimension; remove its internal greedy=none call when changing the wrapper.,removed,removed
partition_init,"c(""similarity"", ""ordering_methods"")",initialization,M>=2; auto requires similarity,Initialize from feature-similarity blocks or orderings computed from the common full matrix.,move_to_init_control,partition_init,Retain the alternative while dimension selection explicitly compares both initialization paths.,init_control$partition_init,advanced_initialization_option
discretization,NULL,initialization,All fits,"Quantile, equal-width or k-means discretization of initial ordering scores; NULL resolves to quantile.",move_to_init_control,discretization,Retain advanced initialization/reproduction control.,init_control$discretization,advanced_initialization_option
ridge,0,model,All fits,Diagonal addition to random-walk precision; positive values make the prior proper.,move_to_control,ridge,This changes the prior and is not merely numerical Cholesky jitter.,control$ridge,advanced_model_or_optimizer_option
lambda_sd_prior_rate,NULL,model,All fits,Optional exponential prior on inverse square root of smoothness precision; NULL or zero disables it.,move_to_control,lambda_sd_prior_rate,Additional model regularization; retain only as an explicitly documented advanced option.,control$lambda_sd_prior_rate,advanced_model_or_optimizer_option
lambda_min,1e-10,numerical,All fits,Lower bound for smoothness precision.,move_to_control,lambda_bounds,Merge min/max into one advanced bounds setting.,control$lambda_bounds[1],advanced_model_or_optimizer_option
lambda_max,1e10,numerical,All fits,Upper bound for smoothness precision.,move_to_control,lambda_bounds,Merge min/max into one advanced bounds setting.,control$lambda_bounds[2],advanced_model_or_optimizer_option
sigma_min,1e-10,numerical,Estimated-noise fits,"Lower bound for noise variance sigma squared, despite the sigma name.",move_to_control,sigma2_bounds,Rename to make variance units explicit and merge min/max.,control$sigma2_bounds[1],advanced_model_or_optimizer_option
sigma_max,1e10,numerical,Estimated-noise fits,"Upper bound for noise variance sigma squared, despite the sigma name.",move_to_control,sigma2_bounds,Rename to make variance units explicit and merge min/max.,control$sigma2_bounds[2],advanced_model_or_optimizer_option
position_prior,"c(""adaptive"", ""fixed"")",prior,All fits,Estimate position-bin probabilities or keep them fixed; fixed with no weights means uniform.,keep,position_prior,Scientifically meaningful and independent of the feature-assignment prior.,position_prior,ordinary_argument
position_prior_init,NULL,prior,All fits,Initial or fixed K-vector of position probabilities; broadcast over orderings for M>=2.,move_to_control,position_prior_weights,Keep custom position priors as an advanced scientific option.,control$position_prior_weights,advanced_model_or_optimizer_option
partition_prior,"c(""adaptive"", ""fixed"")",prior,M>=2,Empirical-Bayes ordering probabilities or fixed probabilities; fixed with no weights means uniform.,keep,partition_prior,Preserve adaptive EB and fixed-uniform dimension-selection routes.,partition_prior,ordinary_argument
partition_prior_init,NULL,prior,M>=2 fixed partition prior only,Custom fixed M-vector of ordering probabilities; ignored by adaptive EB initialization.,move_to_control,partition_prior_weights,Rename to reflect the current fixed-prior-only behavior.,control$partition_prior_weights,advanced_model_or_optimizer_option
effective_weight_tol,1e-12,reporting,Adaptive M>=2 only,Counts fitted prior weights above the threshold; does not change posterior inference.,move_to_reporting,weight_tol,The accepted reporting threshold is in expected feature counts (default 1e-8); the equivalent adaptive-prior cutoff scales as count_tol / ncol(X).,control$effective_count_tol,advanced_model_or_optimizer_option
assignment_prior,NULL,legacy_model,M>=2 only,Deprecated uniform alias or a live legacy Dirichlet-assignment model.,proposed_retirement,(removed from ordinary fitting),"Uniform maps to fixed partition_prior; Dirichlet is a distinct model, not an alias for adaptive EB.",removed,removed
ordering_alpha,NULL,legacy_model,Legacy Dirichlet assignment only,Dirichlet prior concentration; changes assignment posterior and ELBO.,proposed_retirement,(removed with legacy Dirichlet),Retire with the legacy assignment model; it is not a no-op in fit_mpcurve.,removed,removed
similarity_metric,"c(""spearman"", ""pearson"", ""smooth_fit"", ""spline_r2"")",initialization,Similarity-based feature grouping,"Spearman, Pearson, smooth-fit evidence or spline R-squared; numeric M defaults to Spearman while auto defaults to spline R-squared.",move_to_init_control,similarity_metric,Consider one documented spline-R-squared default only after validating the changed numeric-M initialization.,init_control$similarity_metric,advanced_initialization_option
smooth_fit_lambda_mode,"c(""optimize"", ""fixed"")",initialization,Smooth-fit similarity only,Optimize directional smoother precision or keep it fixed.,move_to_init_control,smooth_fit_lambda_mode,Retirement of the smooth-fit metric would remove this option; no retirement decision yet.,init_control$smooth_fit_lambda_mode,advanced_initialization_option
smooth_fit_lambda_value,1,initialization,Smooth-fit similarity only,Fixed or initial directional smoother precision.,move_to_init_control,smooth_fit_lambda_value,Retirement of the smooth-fit metric would remove this option; no retirement decision yet.,init_control$smooth_fit_lambda_value,advanced_initialization_option
cluster_linkage,"""single""",initialization,Similarity-based feature grouping,Hierarchical-clustering linkage on one minus feature similarity.,move_to_init_control,cluster_linkage,Single linkage remains the default; alternative linkage changes initialization.,init_control$cluster_linkage,advanced_initialization_option
similarity_min_feature_sd,1e-8,initialization,Similarity-based feature grouping,Flags columns whose raw sample SD is below the threshold; zeros their off-diagonal similarities without removing them from fitting.,internal_numerical_guard,min_feature_sd,Absolute units affect this guard; review it together with the additional absolute spline residual-variance guard before fixing a new internal rule.,internal numerical default (1e-8),internal_only
T_start,5,optimization,M>=2 only,Starting feature-assignment annealing temperature.,move_to_control,anneal_start,Default 5; meaningful optimizer initialization setting.,control$anneal_start,advanced_model_or_optimizer_option
T_end,1,optimization,M>=2 only,Final annealing temperature; the following convergence phase always runs at T=1.,proposed_internal_constant,(fixed at 1),A separately configurable schedule endpoint complicates the interface; fixing it preserves the current default schedule.,internal constant (1),internal_only
n_outer,25L,optimization,M>=2 only,Number of temperature schedule points; each is followed by inner_iter joint sweeps.,move_to_control,anneal_steps,New default 0 skips annealing; positive values enable the advanced schedule.,control$anneal_steps,advanced_model_or_optimizer_option
inner_iter,1L,optimization,M>=2 only,Joint structural CAVI sweeps at each temperature.,proposed_internal_constant,(fixed at 1),Default is one; consider keeping multiple sweeps only in the advanced low-level engine.,control$anneal_sweeps,advanced_model_or_optimizer_option
max_converge_iter,NULL,optimization,M>=2 only,Maximum additional joint sweeps at T=1 after annealing; NULL inherits iter.,merge_into_max_iter,max_iter,Remove the duplicated user-facing final fitting budget.,max_iter,ordinary_argument
tol_outer,1e-6,optimization,M>=2 only,ELBO-change tolerance checked during the final T=1 phase after annealing.,merge_into_tol,tol,Same estimand and default threshold as the single-ordering tolerance.,tol,ordinary_argument
verbose,FALSE,diagnostics,All fits,Print iteration progress.,keep,verbose,Common low-cost interface control.,verbose,ordinary_argument
convergence,"c(""normalized"", ""relative"")",optimization,All fits,Normalized per-observation ELBO change or historical relative scaling.,move_to_control,convergence,Keep normalized as the ordinary rule and retain relative scaling for historical reproduction.,control$convergence,advanced_model_or_optimizer_option
max_intrinsic_dim,8L,initialization,Automatic M only,"Upper bound for candidate similarity-tree cuts, additionally capped at D-1.",move_to_init_control,max_intrinsic_dim,Retain this meaningful search bound in automatic-initialization settings.,init_control$max_intrinsic_dim,advanced_initialization_option
spline_r2_df,5L,initialization,Spline R-squared similarity only,Fixed natural-spline degrees of freedom for directional variance explained.,move_to_init_control,spline_r2_df,Keep default 5; advanced override.,init_control$spline_r2_df,advanced_initialization_option
similarity_min_cluster_size,2L,initialization,Automatic M only,Every cluster in an eligible automatic tree cut must contain at least this many features.,move_to_init_control,min_cluster_size,Default 2 protects against singleton-supported initial orderings; distinct from low-variance handling.,init_control$min_cluster_size,advanced_initialization_option
