"id","key","expected_stop","actual_stop","baseline_iterations"
"pilot_M3_S4","adaptive_M08",440,440,3424
"pilot_M3_S4","forward_M01",52,52,82
"pilot_M3_S4","forward_M02",260,260,1185
"pilot_M3_S4","forward_M03",450,450,2541
"pilot_M3_S4","forward_M04",383,383,2245
"pilot_M4_S4","adaptive_M08",366,366,4090
"pilot_M4_S4","forward_M01",19,19,42
"pilot_M4_S4","forward_M02",365,365,1300
"pilot_M4_S4","forward_M03",345,345,2093
"pilot_M4_S4","forward_M04",391,391,3671
"pilot_M4_S4","forward_M05",364,364,3339
"pilot_M5_S4","adaptive_M08",428,428,3277
"pilot_M5_S4","forward_M01",36,36,48
"pilot_M5_S4","forward_M02",197,197,1918
"pilot_M5_S4","forward_M03",304,304,1660
"pilot_M5_S4","forward_M04",339,339,3071
"pilot_M5_S4","forward_M05",415,415,2720
"pilot_M5_S4","forward_M06",380,380,5330
