"id","kind","fitted_M","effective_M","reference_M","iterations","converged","seconds","recovery","reference_recovery","ARI","reference_ARI","prefix_error","warnings","passed"
"site_M1","website",1,1,1,53,TRUE,0.851,0.999757515748787,0.999757515748787,NA,NA,NA,0,TRUE
"site_M2","website",2,2,2,125,FALSE,4.783,0.998204840819363,0.998204840819363,1,1,NA,0,TRUE
"seed2709261_N100_D10","nd_reproduction",1,1,NA,784,TRUE,1.127,NA,NA,NA,NA,0,0,TRUE
"seed2709261_N200_D10","nd_reproduction",1,1,NA,602,TRUE,0.987,NA,NA,NA,NA,0,0,TRUE
"seed2709261_N400_D10","nd_reproduction",1,1,NA,470,TRUE,1.175,NA,NA,NA,NA,0,0,TRUE
"seed2709261_N100_D20","nd_reproduction",1,1,NA,785,TRUE,1.822,NA,NA,NA,NA,0,0,TRUE
"seed2709261_N200_D20","nd_reproduction",1,1,NA,683,TRUE,1.839,NA,NA,NA,NA,0,0,TRUE
"seed2709261_N400_D20","nd_reproduction",1,1,NA,395,TRUE,1.291,NA,NA,NA,NA,0,0,TRUE
"seed2709261_N100_D40","nd_reproduction",1,1,NA,696,TRUE,3.015,NA,NA,NA,NA,0,0,TRUE
"seed2709261_N200_D40","nd_reproduction",1,1,NA,485,TRUE,2.234,NA,NA,NA,NA,0,0,TRUE
"seed2709261_N400_D40","nd_reproduction",1,1,NA,395,TRUE,2.253,NA,NA,NA,NA,0,0,TRUE
"seed2709262_N100_D10","nd_reproduction",1,1,NA,853,TRUE,1.179,NA,NA,NA,NA,0,0,TRUE
"seed2709262_N200_D10","nd_reproduction",1,1,NA,474,TRUE,0.776,NA,NA,NA,NA,0,0,TRUE
"seed2709262_N400_D10","nd_reproduction",1,1,NA,360,TRUE,0.943000000000001,NA,NA,NA,NA,0,0,TRUE
"seed2709262_N100_D20","nd_reproduction",1,1,NA,753,TRUE,1.734,NA,NA,NA,NA,0,0,TRUE
"seed2709262_N200_D20","nd_reproduction",1,1,NA,461,TRUE,1.24,NA,NA,NA,NA,0,0,TRUE
"seed2709262_N400_D20","nd_reproduction",1,1,NA,393,TRUE,1.276,NA,NA,NA,NA,0,0,TRUE
"seed2709262_N100_D40","nd_reproduction",1,1,NA,764,TRUE,3.325,NA,NA,NA,NA,0,0,TRUE
"seed2709262_N200_D40","nd_reproduction",1,1,NA,609,TRUE,2.869,NA,NA,NA,NA,0,0,TRUE
"seed2709262_N400_D40","nd_reproduction",1,1,NA,372,TRUE,2.149,NA,NA,NA,NA,0,0,TRUE
"seed2709263_N100_D10","nd_reproduction",1,1,NA,662,TRUE,0.936999999999998,NA,NA,NA,NA,0,0,TRUE
"seed2709263_N200_D10","nd_reproduction",1,1,NA,642,TRUE,1.139,NA,NA,NA,NA,0,0,TRUE
"seed2709263_N400_D10","nd_reproduction",1,1,NA,421,TRUE,1.042,NA,NA,NA,NA,0,0,TRUE
"seed2709263_N100_D20","nd_reproduction",1,1,NA,666,TRUE,1.568,NA,NA,NA,NA,0,0,TRUE
"seed2709263_N200_D20","nd_reproduction",1,1,NA,591,TRUE,1.629,NA,NA,NA,NA,0,0,TRUE
"seed2709263_N400_D20","nd_reproduction",1,1,NA,428,TRUE,1.473,NA,NA,NA,NA,0,0,TRUE
"seed2709263_N100_D40","nd_reproduction",1,1,NA,632,TRUE,2.854,NA,NA,NA,NA,0,0,TRUE
"seed2709263_N200_D40","nd_reproduction",1,1,NA,519,TRUE,2.419,NA,NA,NA,NA,0,0,TRUE
"seed2709263_N400_D40","nd_reproduction",1,1,NA,397,TRUE,2.294,NA,NA,NA,NA,0,0,TRUE
"pilot_M3_S4_adaptive_M08","pilot_candidate",8,4,NA,440,TRUE,135.28,NA,NA,NA,NA,0,0,TRUE
"pilot_M3_S4_adaptive","pilot_result",8,4,4,440,TRUE,135.28,0.993394593273259,0.993364815164613,0.975199663724254,0.975199663724254,NA,0,TRUE
"pilot_M3_S4_forward_M01","pilot_candidate",1,1,NA,52,TRUE,0.39700000000002,NA,NA,NA,NA,0,0,TRUE
"pilot_M3_S4_forward_M02","pilot_candidate",2,2,NA,260,TRUE,19.611,NA,NA,NA,NA,0,0,TRUE
"pilot_M3_S4_forward_M03","pilot_candidate",3,3,NA,450,TRUE,50.485,NA,NA,NA,NA,0,0,TRUE
"pilot_M3_S4_forward_M04","pilot_candidate",4,4,NA,383,TRUE,57.952,NA,NA,NA,NA,0,0,TRUE
"pilot_M3_S4_forward","pilot_result",3,3,3,450,TRUE,50.485,0.993599780738304,0.993601114086453,1,1,NA,0,TRUE
"pilot_M4_S4_adaptive_M08","pilot_candidate",8,4,NA,366,TRUE,113.201,NA,NA,NA,NA,0,0,TRUE
"pilot_M4_S4_adaptive","pilot_result",8,4,4,366,TRUE,113.201,0.989587217635751,0.98958288425427,1,1,NA,0,TRUE
"pilot_M4_S4_forward_M01","pilot_candidate",1,1,NA,19,TRUE,0.185000000000002,NA,NA,NA,NA,0,0,TRUE
"pilot_M4_S4_forward_M02","pilot_candidate",2,2,NA,365,TRUE,27.681,NA,NA,NA,NA,0,0,TRUE
"pilot_M4_S4_forward_M03","pilot_candidate",3,3,NA,345,TRUE,38.606,NA,NA,NA,NA,0,0,TRUE
"pilot_M4_S4_forward_M04","pilot_candidate",4,4,NA,391,TRUE,58.826,NA,NA,NA,NA,0,0,TRUE
"pilot_M4_S4_forward_M05","pilot_candidate",5,5,NA,364,TRUE,69.8340000000001,NA,NA,NA,NA,0,0,TRUE
"pilot_M4_S4_forward","pilot_result",4,4,4,391,TRUE,58.826,0.989586662074023,0.989598995544395,1,1,NA,0,TRUE
"pilot_M5_S4_adaptive_M08","pilot_candidate",8,5,NA,428,TRUE,133.18,NA,NA,NA,NA,0,0,TRUE
"pilot_M5_S4_adaptive","pilot_result",8,5,5,428,TRUE,133.18,0.989029122545806,0.988939610440116,1,1,NA,0,TRUE
"pilot_M5_S4_forward_M01","pilot_candidate",1,1,NA,36,TRUE,0.327999999999975,NA,NA,NA,NA,0,0,TRUE
"pilot_M5_S4_forward_M02","pilot_candidate",2,2,NA,197,TRUE,15,NA,NA,NA,NA,0,0,TRUE
"pilot_M5_S4_forward_M03","pilot_candidate",3,3,NA,304,TRUE,34.3249999999999,NA,NA,NA,NA,0,0,TRUE
"pilot_M5_S4_forward_M04","pilot_candidate",4,4,NA,339,TRUE,51.011,NA,NA,NA,NA,0,0,TRUE
"pilot_M5_S4_forward_M05","pilot_candidate",5,5,NA,415,TRUE,80.8629999999999,NA,NA,NA,NA,0,0,TRUE
"pilot_M5_S4_forward_M06","pilot_candidate",6,6,NA,380,TRUE,88.7459999999999,NA,NA,NA,NA,0,0,TRUE
"pilot_M5_S4_forward","pilot_result",5,5,5,415,TRUE,80.8629999999999,0.989014100156668,0.988935699285548,1,1,NA,0,TRUE
